N;wb;ESUN
2;0.257048331;1787
3;0.251150748;1746
4;0.220943613;1536
5;0.143411968;997
6;0.116657077;811
7;0.010788262;75
